{
  "patient": {
    "age": 20,
    "sex": "M",
    "height_cm": 170.0,
    "weight_kg": 60.0,
    "bmi": 20.761245674740486,
    "baseline_cholesterol": 191.04986913126893,
    "baseline_glucose": 90.557621777808
  },
  "drug": {
    "smiles": "CCO",
    "embedding_dim": 768,
    "embedding_norm": 27.712387084960938
  },
  "simulation": {
    "steps": 100,
    "dt_minutes": 10,
    "total_time_hours": 16.666666666666668,
    "predictor_type": "cross_attention",
    "mutable_features": 22,
    "frozen_features": 19
  },
  "top_changing_features": {
    "LBXSGL": {
      "peak_time_min": 1000,
      "peak_magnitude": 134.64556414637724,
      "baseline": 90.557621777808,
      "final": 225.20318592418525
    },
    "LBDSCR": {
      "peak_time_min": 1000,
      "peak_magnitude": 123.32222963108441,
      "baseline": 73.96038262089817,
      "final": 197.28261225198258
    },
    "LBXTC": {
      "peak_time_min": 0,
      "peak_magnitude": 75.70481190387842,
      "baseline": 191.04986913126893,
      "final": 115.34505722739051
    },
    "LBXSGT": {
      "peak_time_min": 1000,
      "peak_magnitude": 65.66053232677426,
      "baseline": 25.960555355143686,
      "final": 91.62108768191794
    },
    "LBXSCH": {
      "peak_time_min": 1000,
      "peak_magnitude": 35.66673807889853,
      "baseline": 186.8811117687012,
      "final": 222.54784984759974
    }
  }
}