{
  "model_info": {
    "name": "Conditional GAN Patient Generator",
    "version": "1.0",
    "architecture": "Generator: 104\u2192512\u2192512\u2192256\u219237, Discriminator: 41\u2192256\u2192128\u21921",
    "saved_at": "2025-12-15 19:15:45"
  },
  "training_info": {
    "best_epoch": 40,
    "total_epochs_trained": 400,
    "batch_size": 128,
    "learning_rate": 0.0002,
    "optimizer": "Adam (betas=0.5, 0.999)",
    "noise_dim": 100,
    "condition_noise": 0.05,
    "early_stopping_patience": 30
  },
  "quality_metrics": {
    "fid_score": 10.093140117786309,
    "variance_ratio": 0.4592915424924559,
    "g_loss_ema": 1.011735275605099,
    "d_loss_ema": 1.194051899889072
  },
  "data_info": {
    "dataset": "NHANES",
    "n_patients": 23615,
    "n_features_generated": 37,
    "feature_categories": {
      "body_measurements": 8,
      "lab_results": 22,
      "questionnaires": 7
    }
  },
  "usage": {
    "input_features": [
      "AGE",
      "SEX",
      "BMXHT",
      "BMXWT"
    ],
    "output_features": [
      "BMXARMC",
      "BMXARML",
      "BMXBMI",
      "BMXLEG",
      "BMXSUB",
      "BMXTHICR",
      "BMXTRI",
      "BMXWAIST",
      "LBDSCASI",
      "LBDSCH",
      "LBDSCR",
      "LBDTC",
      "LBXBCD",
      "LBXBPB",
      "LBXCRP",
      "LBXSAL",
      "LBXSAS",
      "LBXSBU",
      "LBXSCA",
      "LBXSCH",
      "LBXSCL",
      "LBXSGB",
      "LBXSGL",
      "LBXSGT",
      "LBXSK",
      "LBXSNA",
      "LBXSOS",
      "LBXSTP",
      "LBXSUA",
      "LBXTC",
      "MCQ160B",
      "MCQ160C",
      "MCQ160E",
      "MCQ160F",
      "MCQ160K",
      "MCQ160L",
      "MCQ220"
    ],
    "normalization": {
      "conditions_mean": {
        "AGE": 40.13686216387889,
        "SEX": 0.5051450349354224,
        "BMXHT": 166.94669913190768,
        "BMXWT": 75.87332966334957
      },
      "conditions_std": {
        "AGE": 21.94863926013771,
        "SEX": 0.4999841141821011,
        "BMXHT": 10.104260879564915,
        "BMXWT": 20.194277830748742
      },
      "features_mean": {
        "BMXARMC": 31.688757145881855,
        "BMXARML": 36.92065636248147,
        "BMXBMI": 27.08691170865975,
        "BMXLEG": 40.3064831674783,
        "BMXSUB": 18.15705272072835,
        "BMXTHICR": 52.2327419013339,
        "BMXTRI": 18.127423247935635,
        "BMXWAIST": 92.9927969510904,
        "LBDSCASI": 2.3784691933093374,
        "LBDSCH": 4.8668177429599835,
        "LBDSCR": 71.22333516832522,
        "LBDTC": 4.906763074317172,
        "LBXBCD": 0.47936904509845435,
        "LBXBPB": 1.8775591784882488,
        "LBXCRP": 0.3634355282659326,
        "LBXSAL": 4.326902392547109,
        "LBXSAS": 24.18733855600254,
        "LBXSBU": 12.599534194367987,
        "LBXSCA": 9.51387677323735,
        "LBXSCH": 188.22451831463053,
        "LBXSCL": 102.94516197332204,
        "LBXSGB": 3.0579589244124494,
        "LBXSGL": 93.22024137200931,
        "LBXSGT": 24.887740842684735,
        "LBXSK": 4.048932458183359,
        "LBXSNA": 139.01832733432138,
        "LBXSOS": 277.458013974169,
        "LBXSTP": 7.383552826593266,
        "LBXSUA": 5.237243277577811,
        "LBXTC": 189.7418589879314,
        "MCQ160B": 1.998221469405039,
        "MCQ160C": 1.9956383654456913,
        "MCQ160E": 1.9768367562989626,
        "MCQ160F": 1.9811136989201779,
        "MCQ160K": 1.9704001693838662,
        "MCQ160L": 1.9883125132331145,
        "MCQ220": 1.9425788693626933
      },
      "features_std": {
        "BMXARMC": 5.1438374274692436,
        "BMXARML": 2.8058032203131673,
        "BMXBMI": 6.308102760872383,
        "BMXLEG": 3.777702775247425,
        "BMXSUB": 7.390441381901183,
        "BMXTHICR": 6.670313948115334,
        "BMXTRI": 8.085545368255561,
        "BMXWAIST": 16.284951629101716,
        "LBDSCASI": 0.09194100845697693,
        "LBDSCH": 1.036792577928228,
        "LBDSCR": 34.94274301956854,
        "LBDTC": 1.045810756924385,
        "LBXBCD": 0.4623189638920119,
        "LBXBPB": 1.800316678228966,
        "LBXCRP": 0.79745356713314,
        "LBXSAL": 0.3461251410702279,
        "LBXSAS": 17.887756925109894,
        "LBXSBU": 5.1676549842839075,
        "LBXSCA": 0.36776403382790773,
        "LBXSCH": 40.08779621360658,
        "LBXSCL": 2.5529865892557337,
        "LBXSGB": 0.39820261991587036,
        "LBXSGL": 28.020421962342937,
        "LBXSGT": 37.69906392370891,
        "LBXSK": 0.3104435409913598,
        "LBXSNA": 2.185563712406627,
        "LBXSOS": 4.850566666605571,
        "LBXSTP": 0.4586202253837688,
        "LBXSUA": 1.3103909171614447,
        "LBXTC": 40.43900826173222,
        "MCQ160B": 0.3950831296457673,
        "MCQ160C": 0.4642988482626766,
        "MCQ160E": 0.30828936941884433,
        "MCQ160F": 0.23764255970407563,
        "MCQ160K": 0.3549018928323844,
        "MCQ160L": 0.31511257811632215,
        "MCQ220": 0.33322908876229507
      }
    }
  }
}